Леггинсы ковер,01010
Леггинсы с трехцветными матрешками,01020
Леггинсы с двухцветными матрешками,01021
Леггинсы олимпийские синие,01030
Леггинсы олимпийские бирюзовые,01031
Леггинсы с марками,01040
Леггинсы обои,01090
Свитшот ковер,02010
Свитшот высотки,02060
Свитшот сгущенка,02050
Свитшот хрущевка,02070
Свитшот молоко,02100
Свитшот забор,02110
Свитшот Москва,02151
Свитшот Санкт-Петербург,02160
Купальник Сгущенка,03050
Купальник Хрущевка,03070
Купальник Газированная вода,03080
Купальник Молоко,03100
Купальник Эскимо,03110
Купальник Ленинградское,03120
Купальник Окулист,03130
Пляжные шорты Молоко,05100
Пляжные шорты Морской бой,05140
Детский Купальник Сгущенка,06050
Детский Купальник Газировка,06080
Детский Купальник Молоко,06100
Платье хрущевка,07070
Платье Москва,07150
Платье Санкт-Петербург,07160
Платье Париж,07170
Платье Лондон,07180
Толстовка Москва,08150
Толстовка Санкт-Петербург,08160
Толстовка Париж,08170
Толстовка Лондон,08180
